{"cameraMode":{"drawMode":0,"name":"Shaded","section":"Shading Mode"},"sceneLighting":false,"audioPlay":false,"sceneViewState":{"m_AlwaysRefresh":false,"showFog":true,"showSkybox":false,"showFlares":true,"showImageEffects":true,"showParticleSystems":true,"showVisualEffectGraphs":true,"m_FxEnabled":true},"in2DMode":false,"pivot":{"x":12.981292724609375,"y":1.496662974357605,"z":3.17327880859375},"rotation":{"x":-0.010962842963635922,"y":-0.9608622789382935,"z":0.0030230190604925157,"w":0.2841418981552124},"size":4.383153438568115,"orthographic":false}