{"cameraMode":{"drawMode":0,"name":"Shaded","section":"Shading Mode"},"sceneLighting":false,"audioPlay":false,"sceneViewState":{"m_AlwaysRefresh":false,"showFog":true,"showSkybox":false,"showFlares":true,"showImageEffects":true,"showParticleSystems":true,"showVisualEffectGraphs":true,"m_FxEnabled":true},"in2DMode":false,"pivot":{"x":-0.09925508499145508,"y":7.866024494171143,"z":-0.0034699440002441408},"rotation":{"x":0.09485287964344025,"y":-0.9233043193817139,"z":0.08967851847410202,"w":0.3715829849243164},"size":8.969962120056153,"orthographic":false}