{"cameraMode":{"drawMode":0,"name":"Shaded","section":"Shading Mode"},"sceneLighting":false,"audioPlay":false,"sceneViewState":{"m_AlwaysRefresh":false,"showFog":true,"showSkybox":false,"showFlares":true,"showImageEffects":true,"showParticleSystems":true,"showVisualEffectGraphs":true,"m_FxEnabled":true},"in2DMode":false,"pivot":{"x":-2.4922404289245607,"y":0.6265860199928284,"z":-2.578033685684204},"rotation":{"x":-0.050039298832416537,"y":-0.7505971193313599,"z":0.13532517850399018,"w":-0.6506761312484741},"size":1.0304498672485352,"orthographic":false}