{"cameraMode":{"drawMode":0,"name":"Shaded","section":"Shading Mode"},"sceneLighting":false,"audioPlay":false,"sceneViewState":{"m_AlwaysRefresh":false,"showFog":true,"showSkybox":false,"showFlares":true,"showImageEffects":true,"showParticleSystems":true,"showVisualEffectGraphs":true,"m_FxEnabled":true},"in2DMode":false,"pivot":{"x":7.401732444763184,"y":2.1113882064819338,"z":13.238436698913575},"rotation":{"x":0.0371985137462616,"y":-0.9839325547218323,"z":0.14069612324237824,"w":-0.13170263171195985},"size":0.9815718531608582,"orthographic":false}