{"cameraMode":{"drawMode":0,"name":"Shaded","section":"Shading Mode"},"sceneLighting":false,"audioPlay":false,"sceneViewState":{"m_AlwaysRefresh":false,"showFog":true,"showSkybox":false,"showFlares":true,"showImageEffects":true,"showParticleSystems":true,"showVisualEffectGraphs":true,"m_FxEnabled":true},"in2DMode":false,"pivot":{"x":-33.17937469482422,"y":16.369373321533204,"z":6.263253211975098},"rotation":{"x":0.035972289741039279,"y":0.6793739795684815,"z":0.07847647368907929,"w":-0.7337505221366882},"size":29.231321334838868,"orthographic":false}