{"cameraMode":{"drawMode":0,"name":"Shaded","section":"Shading Mode"},"sceneLighting":false,"audioPlay":false,"sceneViewState":{"m_AlwaysRefresh":false,"showFog":true,"showSkybox":false,"showFlares":true,"showImageEffects":true,"showParticleSystems":true,"showVisualEffectGraphs":true,"m_FxEnabled":true},"in2DMode":false,"pivot":{"x":-11.905106544494629,"y":21.257102966308595,"z":-36.84775161743164},"rotation":{"x":0.01679949276149273,"y":-0.14019212126731873,"z":-0.034104812890291217,"w":0.9931143522262573},"size":12.69035816192627,"orthographic":false}