{"cameraMode":{"drawMode":0,"name":"Shaded","section":"Shading Mode"},"sceneLighting":false,"audioPlay":false,"sceneViewState":{"m_AlwaysRefresh":false,"showFog":true,"showSkybox":false,"showFlares":true,"showImageEffects":true,"showParticleSystems":true,"showVisualEffectGraphs":true,"m_FxEnabled":true},"in2DMode":false,"pivot":{"x":0.0357549786567688,"y":7.322875022888184,"z":0.22677993774414063},"rotation":{"x":0.055661916732788089,"y":-1.0000473260879517,"z":0.022508082911372186,"w":0.06242518872022629},"size":7.72992467880249,"orthographic":false}