{"cameraMode":{"drawMode":0,"name":"Shaded","section":"Shading Mode"},"sceneLighting":false,"audioPlay":false,"sceneViewState":{"m_AlwaysRefresh":false,"showFog":true,"showSkybox":false,"showFlares":true,"showImageEffects":true,"showParticleSystems":true,"showVisualEffectGraphs":true,"m_FxEnabled":true},"in2DMode":false,"pivot":{"x":64.82836151123047,"y":5.278814315795898,"z":-19.599660873413087},"rotation":{"x":0.03097567893564701,"y":-1.0015993118286133,"z":0.04021105915307999,"w":-0.040278688073158267},"size":7.847010612487793,"orthographic":false}