{"cameraMode":{"drawMode":0,"name":"Shaded","section":"Shading Mode"},"sceneLighting":false,"audioPlay":false,"sceneViewState":{"m_AlwaysRefresh":false,"showFog":true,"showSkybox":false,"showFlares":true,"showImageEffects":true,"showParticleSystems":true,"showVisualEffectGraphs":true,"m_FxEnabled":true},"in2DMode":false,"pivot":{"x":0.035239994525909427,"y":7.322875022888184,"z":0.26063990592956545},"rotation":{"x":0.10868377983570099,"y":-0.7388152480125427,"z":0.03945626690983772,"w":0.6696125268936157},"size":7.722214221954346,"orthographic":false}