{"cameraMode":{"drawMode":0,"name":"Shaded","section":"Shading Mode"},"sceneLighting":false,"audioPlay":false,"sceneViewState":{"m_AlwaysRefresh":false,"showFog":true,"showSkybox":false,"showFlares":true,"showImageEffects":true,"showParticleSystems":true,"showVisualEffectGraphs":true,"m_FxEnabled":true},"in2DMode":false,"pivot":{"x":-1.1920928955078126e-7,"y":2.1981277465820314,"z":-1.1920928955078126e-7},"rotation":{"x":-0.18747594952583314,"y":-0.6031086444854736,"z":0.22987934947013856,"w":-0.7458580136299133},"size":5.2897748947143559,"orthographic":false}