{"cameraMode":{"drawMode":0,"name":"Shaded","section":"Shading Mode"},"sceneLighting":false,"audioPlay":false,"sceneViewState":{"m_AlwaysRefresh":false,"showFog":true,"showSkybox":false,"showFlares":true,"showImageEffects":true,"showParticleSystems":true,"showVisualEffectGraphs":true,"m_FxEnabled":true},"in2DMode":false,"pivot":{"x":3.1493747234344484,"y":3.6000423431396486,"z":0.652836799621582},"rotation":{"x":0.4104166030883789,"y":-0.09487398713827133,"z":0.00003641287548816763,"w":0.9109610319137573},"size":8.20657730102539,"orthographic":false}