{"cameraMode":{"drawMode":0,"name":"Shaded","section":"Shading Mode"},"sceneLighting":false,"audioPlay":false,"sceneViewState":{"m_AlwaysRefresh":false,"showFog":true,"showSkybox":false,"showFlares":true,"showImageEffects":true,"showParticleSystems":true,"showVisualEffectGraphs":true,"m_FxEnabled":true},"in2DMode":false,"pivot":{"x":0.0002951622009277344,"y":6.911829948425293,"z":-0.0002999305725097656},"rotation":{"x":0.10868377983570099,"y":-0.7388152480125427,"z":0.03945626690983772,"w":0.6696125268936157},"size":7.489645957946777,"orthographic":false}