{"cameraMode":{"drawMode":0,"name":"Shaded","section":"Shading Mode"},"sceneLighting":false,"audioPlay":false,"sceneViewState":{"m_AlwaysRefresh":false,"showFog":true,"showSkybox":false,"showFlares":true,"showImageEffects":true,"showParticleSystems":true,"showVisualEffectGraphs":true,"m_FxEnabled":true},"in2DMode":false,"pivot":{"x":-5.681331157684326,"y":1.3606489896774293,"z":0.4266439378261566},"rotation":{"x":-0.017277570441365243,"y":0.46417808532714846,"z":0.03014366514980793,"w":-0.8892331123352051},"size":7.0742034912109379,"orthographic":false}