{"cameraMode":{"drawMode":0,"name":"Shaded","section":"Shading Mode"},"sceneLighting":false,"audioPlay":false,"sceneViewState":{"m_AlwaysRefresh":false,"showFog":true,"showSkybox":false,"showFlares":true,"showImageEffects":true,"showParticleSystems":true,"showVisualEffectGraphs":true,"m_FxEnabled":true},"in2DMode":false,"pivot":{"x":-3.1067700386047365,"y":0.6265860199928284,"z":-1.5902469158172608},"rotation":{"x":0.2383306920528412,"y":-0.3428537845611572,"z":0.029825245961546899,"w":0.9123404026031494},"size":1.0304499864578248,"orthographic":false}