{"cameraMode":{"drawMode":0,"name":"Shaded","section":"Shading Mode"},"sceneLighting":false,"audioPlay":false,"sceneViewState":{"m_AlwaysRefresh":false,"showFog":true,"showSkybox":false,"showFlares":true,"showImageEffects":true,"showParticleSystems":true,"showVisualEffectGraphs":true,"m_FxEnabled":true},"in2DMode":false,"pivot":{"x":0.018184900283813478,"y":7.322875022888184,"z":0.26063990592956545},"rotation":{"x":0.15086105465888978,"y":-0.5792471766471863,"z":0.04177878051996231,"w":0.8047161102294922},"size":7.70184326171875,"orthographic":false}