{"cameraMode":{"drawMode":0,"name":"Shaded","section":"Shading Mode"},"sceneLighting":false,"audioPlay":false,"sceneViewState":{"m_AlwaysRefresh":false,"showFog":true,"showSkybox":false,"showFlares":true,"showImageEffects":true,"showParticleSystems":true,"showVisualEffectGraphs":true,"m_FxEnabled":true},"in2DMode":false,"pivot":{"x":-0.015325069427490235,"y":6.886214733123779,"z":0.0002751350402832031},"rotation":{"x":-0.07818449288606644,"y":-0.07758564502000809,"z":0.062305398285388949,"w":-0.9957842826843262},"size":8.399956703186036,"orthographic":false}