{"cameraMode":{"drawMode":0,"name":"Shaded","section":"Shading Mode"},"sceneLighting":false,"audioPlay":false,"sceneViewState":{"m_AlwaysRefresh":false,"showFog":true,"showSkybox":false,"showFlares":true,"showImageEffects":true,"showParticleSystems":true,"showVisualEffectGraphs":true,"m_FxEnabled":true},"in2DMode":false,"pivot":{"x":6.348749160766602,"y":3.2109289169311525,"z":-2.3464481830596926},"rotation":{"x":0.12694549560546876,"y":-0.8501995205879211,"z":0.14538241922855378,"w":0.4972529709339142},"size":2.3107852935791017,"orthographic":false}